<?xml version="1.0" encoding="UTF-8"?>
<!DOCTYPE suite SYSTEM "https://testng.org/testng-1.0.dtd">
<suite name="Suite" verbose="5">
<parameter name="browser" value="chrome"/>
<parameter name="userName" value="DemoSalesManager"/>
<parameter name="passWord" value="crmsfa"/>
<parameter name="url" value="http://leaftaps.com/opentaps/"/>
  <test thread-count="5" name="Test">
    <classes>
      <class name="week5.day1.CreateLead"/>
    </classes>
  </test> <!-- Test -->
</suite> <!-- Suite -->
